ロード量,salt_LiTFSI,salt_LiFSI,salt_LiPF6,salt_LiDFOB,sol_FEC,sol_DME,sol_ClEC,sol_SL,sol_EC,sol_D2,sol_D11,sol_EME,sol_FME,sol_EMC,sol_DMC,sol_DEC,sol_HFE,additive_lifsi,additive_vc,additive_fec,additive_mlidfob,additive_cm5m,act_h2o2msc,act_lr23,act_msc_30ss,act_msc_benzene,act_一次resin,act_二次resin,act_急冷msc,add_ab_hs_100_,add_ab_li435_,add_ab_li435_hemin,add_cnt,add_tib,bind_cmc,bind_paa_li東亞,bind_paa_ppt,bind_sbr,bind_ポリアクリル酸_paa_,bind_ポリグルタミン酸_ppt_
-0.047661975,0.020598115,-0.21282522,0.002182006,0.009303077,0.30231807,0.14829324,-0.071716435,0.0022919998,0.0019086697,0.033268843,-0.0034637838,0.00012552971,-0.00049873407,2.9862278e-07,0.0003472355,-2.561764e-06,-5.1063694e-06,0.015322705,0.0035205309,0.024130134,4.5606703e-06,0.0010701228,-0.015375765,0.0,0.035474587,0.017153846,0.011914948,0.008542983,-0.0028792105,-0.07075784,0.010464094,-0.0007470103,0.00013074544,3.4710494e-05,-0.0754391,-0.0065072314,-0.01843864,-0.00062638114,0.00015841716,0.028108234
-0.07355023,0.020094557,-0.21315005,0.0021871456,0.009230235,0.3010417,0.14631103,-0.071647935,0.002238317,0.0019086697,0.021674564,-0.0038523749,0.00012552971,-0.00055103697,2.9862278e-07,0.0003472355,-2.561764e-06,-5.1063694e-06,-0.0029562777,-0.029160082,0.024094151,4.3836903e-06,0.0010760643,-0.01621018,0.0,0.025912149,0.017153846,0.01191309,0.008426899,-0.0029514655,-0.07039529,0.010348575,-0.0007641337,0.00013074544,3.4710494e-05,-0.09294746,-0.006559793,-0.018594768,-0.00062638114,0.00015841716,0.02829836
-0.33934456,0.020502195,-0.052449126,0.002104368,0.03579286,0.30238447,0.14137521,-0.066535495,0.0018451893,0.0014067483,0.0020107403,-0.003219547,0.00012844369,-0.0005197644,2.202103e-07,0.0003545525,-2.5462468e-06,-8.8053e-06,0.0018809694,0.0004386298,0.019884452,2.0039802e-06,0.0011734237,-0.014131795,0.0,0.011544809,0.016777862,0.0117082335,0.00809678,-0.0026795329,-0.03657039,0.011166361,-0.0007164349,6.565037e-05,3.4710494e-05,0.03210409,-0.005997861,-0.017816491,1.8405912e-05,0.06473338,0.035579797
-0.4514799,0.019894328,-0.064937845,0.0018157141,0.035810865,0.29168066,0.13455203,-0.06660861,0.0015919984,0.0014067483,0.0069977525,-0.0032517698,0.00012552971,-0.00053751044,2.202103e-07,0.00035074292,-2.5462468e-06,-5.1063694e-06,0.0029245047,0.00096289994,0.019686209,9.59215e-06,0.001061615,-0.014086019,0.0,0.015896173,0.01613215,0.011614093,0.0074826735,-0.0029390384,-0.044457242,0.004300862,-0.00071436976,6.565037e-05,3.4710494e-05,-0.095561765,-0.006020893,-0.019819219,-0.00029474136,-0.030151619,0.034293
-0.32732767,0.016407985,-0.049775213,0.0020303375,0.03579286,0.3189415,0.14831868,-0.06581086,0.002147644,0.0014069608,0.0038850796,-0.003219547,0.00012844369,-0.00052512094,2.9862278e-07,0.0003545525,-2.561764e-06,-8.8053e-06,0.002179466,0.0005483541,0.019975241,1.6719031e-06,0.0012083094,-0.014379366,0.0,0.01298232,0.01744864,0.0118473545,0.008485052,-0.0027184363,-0.046972528,0.005202911,-0.00088324497,6.565037e-05,3.4710494e-05,0.023812577,-0.005998515,-0.017899478,1.4740566e-05,0.0084008835,0.034444876
-0.24025859,0.020748701,-0.049549166,0.0022247476,0.03579286,0.31714103,0.14824653,-0.06621872,0.0022851087,0.0014070653,0.0017080718,-0.003219547,0.00012844369,-0.0005184167,3.8136344e-07,0.0003545525,-2.5462468e-06,-8.8053e-06,0.0020641645,0.0005512976,0.020016314,1.6985886e-06,0.0011691219,-0.014131795,0.0,0.012709591,0.017242042,0.01183663,0.008681228,-0.0026748613,-0.046785194,0.008951092,-0.0007164349,6.565037e-05,3.4710494e-05,0.024210857,-0.005997861,-0.017841725,1.3167667e-05,-0.009512521,0.034863584
-0.20634525,0.020750808,-0.049549166,0.002257238,0.03579286,0.31841993,0.14829493,-0.066208355,0.0023142898,0.0014079423,0.0019687826,-0.003219547,0.00012844369,-0.0005174631,8.270125e-07,0.0003545525,-2.5462468e-06,-8.8053e-06,0.002179466,0.00055767014,0.020016314,2.4974427e-06,0.0011788232,-0.014131795,0.0,0.012729289,0.017242042,0.01183663,0.008758719,-0.0026731428,-0.04588217,0.00899907,-0.0007164349,6.565037e-05,3.4710494e-05,0.024482548,-0.005997861,-0.017841725,1.3167667e-05,-0.002261335,0.034863584
-0.3004865,0.020656744,-0.04989446,0.0020999154,0.03578023,0.35652936,0.15497288,-0.08011476,0.0023242421,0.0014069608,0.002399726,-0.0033317707,0.0001338306,-0.00053390174,1.5148693e-06,0.00037890914,-2.5462468e-06,-8.8053e-06,0.002216953,0.0005556534,0.01919462,1.6142578e-06,0.0011852969,-0.007931987,0.0,0.014658805,0.016216911,0.010217621,0.008583985,-0.002632324,-0.045957778,0.01164438,-0.0026905453,6.565037e-05,3.4710494e-05,0.023226984,-0.0058281766,-0.019860748,1.7649407e-05,0.00016168675,-0.057855174
-0.20341879,0.01561409,-0.10423314,0.0020394016,0.035273023,-0.109813735,0.04278631,-0.15795389,0.0022881231,0.0014072388,-0.0073092612,-0.003612876,0.00013041771,-0.00051058613,1.6562702e-06,0.00036010306,-2.5462468e-06,-8.8053e-06,-0.00018489883,0.00015054131,0.017309992,2.0620146e-06,0.0010264349,-0.0059051393,0.0,0.0011002274,0.01563634,0.0078922445,0.009301971,-0.003029919,-0.03555748,0.033956353,-0.0032325478,6.565037e-05,3.4710494e-05,0.013790791,-0.006176895,-0.048726153,3.739495e-05,0.01947519,-0.07985877
-0.2692219,0.020565277,-0.049650457,0.002197111,0.03579286,0.3135807,0.14689676,-0.066220194,0.0022576242,0.0014067483,-0.0010669944,-0.003219547,0.00012844369,-0.0005197644,2.202103e-07,0.0003545525,-2.5462468e-06,-8.8053e-06,0.0018809694,0.0004411252,0.020016314,1.0057638e-06,0.0011673988,-0.014131795,0.0,0.011822224,0.017242042,0.01183663,0.008626621,-0.0026814109,-0.046010338,0.0090463795,-0.0007164349,6.565037e-05,3.4710494e-05,0.026650319,-0.005997861,-0.017885363,1.8405912e-05,-0.010199307,0.03484026
-0.26700702,0.021151252,-0.045833472,0.002181292,0.03600085,0.26861307,0.14624228,-0.058274183,0.0022687556,0.0014067483,0.0027354546,-0.003073927,0.00012011282,-0.0005104992,9.0732567e-07,0.00034353367,-2.5462468e-06,-8.8053e-06,0.0018809694,0.0004470192,0.020177228,1.7627888e-06,0.0011761273,-0.015106697,0.0,0.011548452,0.017258521,0.011999034,0.010865828,-0.0026280575,-0.04536601,0.010170611,-0.0007164349,6.565037e-05,3.4710494e-05,0.02703152,-0.0056304866,0.04838236,1.8405912e-05,0.004712418,0.035020243
-0.16990934,0.022476455,-0.044728383,0.002335049,0.03600085,0.27719557,0.15369917,-0.06166743,0.002367439,0.0014069608,0.003965134,-0.003073927,0.00012011282,-0.0004706492,9.857381e-07,0.00034353367,-2.561764e-06,-8.8053e-06,0.010385827,0.00069477165,0.020635787,1.653819e-06,0.0012259292,-0.014098005,0.0,0.020008639,0.017484523,0.012029238,0.010949513,-0.0024769404,-0.046116784,0.008219546,-0.0007497415,6.565037e-05,3.4710494e-05,0.031107297,-0.0054888884,0.046598785,1.8730145e-05,0.0004746104,0.032722622
-0.16395292,0.02050054,-0.22292128,0.0021183898,0.009109868,0.2462851,0.11996548,-0.07281277,0.0019406689,0.0019079287,0.016437957,-0.0011008101,0.00012552971,-0.00065990834,-7.803911e-08,0.0003474654,-2.561764e-06,-5.1063694e-06,-0.0027509597,0.0011716975,0.024326863,4.5606703e-06,0.0010089257,-0.020912591,0.0,-0.19995895,0.01716279,0.011910421,0.009054354,-0.0032561047,-0.07048985,0.010219801,-0.0007474279,0.00013074544,4.7486832e-05,-0.12424631,-0.010607998,-0.018976584,-0.00062638114,-0.001005938,0.026780553
-0.23364787,0.022245448,-0.0512658,0.0022199529,0.0359104,0.36023533,0.16182362,-0.08391926,0.0025114527,0.0014069608,0.010425604,-0.003432213,0.0001338306,-0.000488395,1.4852882e-06,0.0003778745,-2.561764e-06,-8.8053e-06,0.011467545,0.0011444745,0.019246798,1.4703043e-06,0.0012014213,-0.0073442752,0.0,0.026678892,0.01639419,0.010503993,0.008746906,-0.0025481668,-0.042527553,0.02215238,-0.0026873797,6.565037e-05,3.4710494e-05,0.025827065,-0.006321331,-0.01806872,5.836811e-05,0.00016168675,-0.040976718
0.185708,-0.070287436,1.8104364,0.0021550623,-0.024799097,-0.08620106,-0.68106246,-0.06281091,0.0015108181,0.0085621355,0.008025785,-0.002666967,0.00013580649,-0.00054558157,-2.747111e-05,0.00039284985,-2.6179796e-06,-3.804922e-05,-0.00016708954,0.00038804358,0.21483855,1.1928827e-06,0.0007295124,-0.0019657924,0.0,-0.02179364,0.008953822,-0.004311102,0.003833877,-0.0019080075,-0.47884893,-0.015195311,-0.00069115596,-0.007817665,9.452698e-05,0.0043453304,-0.002530902,-0.01758319,5.4004708e-05,-0.00078579393,-0.060657352
-0.20411687,0.020870794,-0.08403933,0.0023162044,0.035853554,0.33161014,0.15174451,-0.06491266,0.0022992545,0.001997602,0.014819648,-0.0031952115,0.00012338068,-0.00049785944,3.7141987e-07,0.00034688367,-2.5462468e-06,-5.1063694e-06,0.008828446,0.0017786042,0.026900083,2.2093738e-05,0.0010349947,-0.0139038395,0.0,0.02196331,0.017093884,0.011842033,0.008738407,-0.0026298633,0.04133444,-0.0013698445,-0.00071436976,6.565037e-05,5.582841e-05,-0.03283469,-0.0055374866,-0.02047454,-8.856037e-05,0.018104402,0.04117835
-0.25619027,0.016711498,-0.09322431,0.0019772935,0.035285663,-0.09343603,0.051745318,-0.12879278,0.0018958155,0.0014072388,-0.011825032,-0.0035006523,0.00012503078,-0.00050444086,4.696054e-07,0.00035916726,-2.5462468e-06,-8.8053e-06,-0.00018093587,0.00015688474,0.017700111,1.7949488e-06,0.0011236968,-0.012646322,0.0,-0.00097614183,0.016242463,0.008617894,0.008944047,-0.0029997795,-0.02645636,0.024090203,-0.0007974906,6.565037e-05,3.4710494e-05,0.01826081,-0.0061979233,-0.039165888,3.792682e-05,0.09515949,0.051532652
-0.28907812,0.021913555,-0.080739945,0.0019379975,0.03561453,-0.08697597,0.049884856,-0.103020124,0.0022092077,0.0014069661,-0.014103806,-0.0035909507,0.00011669993,-0.00051296334,9.884759e-07,0.0003471138,-2.561764e-06,-8.8053e-06,-0.0016014526,0.00017364962,0.017889764,1.3051734e-06,0.0011104908,-0.016125105,0.0,-0.0082705915,0.016728494,0.009032191,0.019769829,-0.0029695274,-0.04084616,0.020958435,-0.00084556884,6.565037e-05,3.4710494e-05,0.016641099,-0.0063187764,0.1025282,0.00019512666,-0.0010893863,0.037497655
-0.19100016,0.019693868,-0.13953124,0.0020117306,0.03586149,-0.109054536,0.032699164,-0.14563456,0.0021331434,0.001997314,0.0036706226,-0.003523612,0.00012110166,-0.0005118402,1.9551274e-07,0.0003365072,-2.561764e-06,-5.1063694e-06,-0.0016968419,0.000786843,0.025878035,1.9817247e-05,0.0010039349,-0.012901967,0.0,-0.003135144,0.016936721,0.008121911,0.009280608,-0.0032210008,0.012675982,-0.014215486,-0.0008435037,6.565037e-05,5.582841e-05,-0.041472454,-0.006093293,-0.052639958,-0.00022499183,-0.002557485,0.059493147
-0.2200458,0.021204202,-0.083581455,0.0022656447,0.035853554,0.33681127,0.1533017,-0.06791475,0.0022381328,0.0019974974,0.006998773,-0.003491535,0.00012338068,-0.0005183374,2.8867922e-07,0.00034688367,-2.561764e-06,-5.1063694e-06,-0.0022974457,0.0018275799,0.027128842,-0.0003296647,0.001060482,-0.013727647,0.0,0.021460867,0.017319886,0.011872238,0.008609044,-0.002585868,0.034183588,-0.004467458,-0.00076479977,6.565037e-05,5.582841e-05,-0.06289309,-0.0053950846,-0.020106887,-0.00021742441,0.00019107539,0.039295916
-0.44915763,0.015411654,-0.13951327,0.0015148263,0.03529431,-0.13401642,0.037480675,-0.17255007,0.0015111996,0.00199701,-0.020429874,-0.0036409171,0.00012826867,-0.0005202487,1.2570358e-06,0.00035624378,-2.5462468e-06,-8.8053e-06,-0.00073560793,0.00013542481,0.023838976,1.9599458e-06,0.000902074,-0.004080161,0.0,-0.0062778713,0.014875862,0.008262782,0.0080926,-0.0032327482,-0.045519512,-0.06312439,-0.0032325478,6.565037e-05,5.582841e-05,0.0073798173,-0.0061439886,-0.05309291,-3.075682e-05,-0.0321716,-0.09845049
0.068203256,0.010668487,-0.42490876,0.0018157448,0.00727085,-0.13783725,0.00932063,-0.21825945,0.00200938,0.0038227562,0.01347406,-0.007428215,0.00012703988,-0.00059502525,-8.32694e-08,0.0003621133,-2.6179796e-06,-8.8053e-06,-0.0005953824,0.00028315716,0.07045194,1.3481487e-06,0.0011242557,-0.003053669,0.0,-0.089224875,0.009143291,-0.009508105,0.010650261,-0.0048068804,0.0011787426,-0.052241385,-0.0016104719,0.00013074544,5.582841e-05,0.007318751,-0.0049237763,-0.05613935,3.50482e-05,-0.0025559752,-0.06780892
-0.044477127,0.018991854,-0.35335946,0.0018131007,0.009313518,-0.13653375,0.039901365,-0.17414509,0.0021838394,0.0031440773,0.039066114,-0.0039403853,0.00012703988,-0.00052595534,1.3821779e-06,0.0003430738,-2.561764e-06,-8.8053e-06,-0.0017440529,0.0013946996,0.03487982,1.3481487e-06,0.0009688822,-0.004403349,0.0,-0.00087929063,0.01596284,0.0076991203,0.00920529,-0.0033760255,0.0026554426,-0.056768984,-0.00327996,0.00013074544,5.582841e-05,0.009857018,-0.006746215,-0.052182466,2.0640002e-05,-0.0025559752,-0.08998871
-0.02511611,0.019973652,-0.32284176,0.0019566845,0.009572109,-0.10015783,0.045637388,-0.10936043,0.0022904275,0.0031440773,0.019755427,-0.003468506,0.00011332211,-0.0004980809,8.826279e-07,0.0003318447,-2.561764e-06,-8.8053e-06,-0.0017315996,0.00090687384,0.036000222,1.3481487e-06,0.0010427183,-0.015984071,0.0,-0.0041325265,0.016973997,0.008527208,0.019889312,-0.0032703006,0.0072906194,-0.026172295,-0.00084490277,0.00013074544,5.582841e-05,0.011812156,-0.006399869,0.11411682,5.0872462e-05,-0.0010638417,0.054736428
0.2512099,0.015999582,-0.3282153,0.0027903905,0.00871957,-0.07439703,0.1875324,0.4152266,0.0022882007,0.0038321149,0.015676372,0.037572436,0.00010994906,-0.00038197855,-1.1932972e-06,0.000360896,-2.433408e-06,-8.8053e-06,-0.0013917354,0.0003658283,0.051531974,1.482553e-06,0.00103346,-0.013394051,0.0,0.009652945,0.014718702,0.013072328,0.03136532,-0.002564971,0.016935505,-0.023459977,-0.00045539942,7.7919176e-05,5.582841e-05,0.0112325195,-0.005914555,0.043694634,0.00014175804,0.00061577867,0.0005970095
0.22765009,0.011030931,-0.35110003,0.0026503627,0.0075586494,-0.077959955,0.14502364,0.4018311,0.0016295572,0.0038264338,0.014702882,0.01959998,0.00010994906,-0.00064668036,-5.8288344e-07,0.00036515677,-2.433408e-06,-8.8053e-06,-0.0004570357,3.0800737e-05,0.0708634,1.4313345e-06,0.001011284,-0.010519061,0.0,-0.038046006,0.014140793,0.0017969238,-0.31536406,-0.0020210533,0.013147282,-0.023584912,-0.00045932355,7.7919176e-05,9.1923976e-05,0.013533778,-0.0057920692,0.029701563,0.000111319896,-0.00041452821,-0.004401376
-0.09144896,0.0071187234,-0.46834686,0.001699341,0.0073859855,-0.12683032,0.033208385,-0.18298435,0.0014755699,0.003824999,0.009941182,-0.0041391635,0.00011332211,-0.0005930334,-2.7955272e-07,0.00033460933,-2.6179796e-06,-8.8053e-06,-0.00066758547,0.00013604714,0.07201494,1.29693e-06,0.0012067009,-0.012642804,0.0,-0.016212348,0.008577663,-0.006695172,-0.543494,-0.0046710162,0.0073436336,-0.022909004,-0.0005795592,0.00013074544,9.1923976e-05,0.010572057,-0.005622413,0.05008169,2.9298495e-05,-0.0010896821,0.03613483
0.60457677,-0.078951195,2.2656415,0.0024728647,-0.024526458,-0.065278485,-0.69620544,-0.047641534,0.0014819336,0.027584845,0.03104647,0.0016833391,8.892553e-05,-0.0004708546,2.4994515e-07,0.0002949951,-2.6179796e-06,-3.804922e-05,-0.00040736274,0.00030916627,0.554337,1.3623961e-06,0.00083930086,-0.0014747324,0.0,-0.0063914126,0.007664686,-0.17461401,0.008742416,-0.0028198166,0.045879092,0.030149963,-0.0003663799,0.0011168092,9.1923976e-05,0.010640485,-0.002844767,0.03586073,4.3609343e-05,-0.00069681945,0.028980711
0.33168614,0.008379949,-0.39085823,0.0024473795,0.007634597,-0.08794982,0.060146246,-0.13252963,0.0021316295,0.0038324022,0.013538434,-0.0035633952,9.471735e-05,-0.0006109302,-3.2543633e-07,0.0002990049,-2.6179796e-06,-8.8053e-06,-0.00062386197,0.00025574752,0.056342132,1.3481487e-06,0.0012216176,-0.0019663288,0.0,-0.0042318315,0.0077951965,-0.17662036,0.039679855,-0.0058833733,0.007865796,-0.023896953,-0.0005543965,0.00013074544,9.1923976e-05,0.012022441,-0.0058868336,0.11418042,3.5333283e-05,-0.00122373,0.03736624
0.18362434,0.012956412,-0.25734976,0.002263607,0.008679814,-0.10226219,0.033670254,0.22246967,0.0022185552,0.002308606,-0.025807437,-0.006884972,0.00011165311,-0.00055339717,-1.4630009e-06,0.00033834897,-2.6179796e-06,-8.8053e-06,-0.0017176962,0.00045845105,0.034213074,1.1928827e-06,0.0012176959,-0.017922282,0.0,-0.06406589,0.014073078,0.006238124,0.026249407,-0.005215199,-0.08403585,0.006937842,-0.0005991401,0.00013074544,3.4710494e-05,0.011072565,-0.0059404466,0.046181027,6.0056205e-05,-0.0006598891,0.024322767
0.053340606,0.014242176,-0.34197363,0.0022720245,0.0073510227,0.25233743,0.19585648,-0.069580175,0.002248328,0.0038237532,0.020187175,-0.006688781,0.0001179638,-0.00058158865,-7.587872e-08,0.0004059538,-2.6179796e-06,-8.8053e-06,0.0044632787,0.0006143106,0.07208061,1.6398176e-06,0.0025679218,-0.01850043,0.0,-0.06526037,0.009079126,-0.004069246,0.015161624,-0.0035132256,0.013944209,-0.01770928,-0.0005379068,0.00013074544,5.582841e-05,0.01488543,-0.0041422728,0.046454974,3.0114415e-05,0.0005054256,0.02291905
0.22030765,0.01446883,-0.38172328,0.0024587333,0.007687298,-0.09146499,0.05106832,-0.15027055,0.0020959845,0.0038339375,0.013610393,-0.001447409,0.000103422644,-0.0003551899,2.2352665e-06,0.0003137456,-1.5846045e-06,-8.8053e-06,-0.00043206388,0.00029367552,0.05460539,1.3481487e-06,0.0011361033,0.0012558723,0.0,-0.0036715525,0.009545675,0.001889048,0.03982024,0.1672062,0.00751984,-0.016260525,-0.000565223,0.00013074544,9.1923976e-05,0.0120389415,-0.0050273067,0.11566187,3.5333283e-05,-0.00122373,0.039801724
0.18873234,0.01612364,-0.33892807,0.0030204651,0.008054651,0.24385154,0.17231758,-0.06652412,0.0022212407,0.00383477,0.019189801,-0.0040859147,0.0001179638,-0.00068616954,1.2251244e-06,0.00034324592,-2.5845336e-06,-8.8053e-06,0.004153325,0.0003021525,0.054984,1.6275925e-06,0.0027144442,0.030298114,0.0,-0.036518652,0.009105877,0.0065064486,0.031704124,-0.0042321607,0.015077792,-0.017570963,-0.0005356166,0.00013074544,9.1923976e-05,0.02194375,-0.0055806697,0.044524472,3.2935444e-05,-0.0006589295,0.029653456
-0.781195,0.008355065,-0.34522948,0.0017797613,0.008632225,-0.1997292,0.07141018,0.09731095,0.0018514104,0.0031408886,-0.020776939,-0.00013434573,9.1344285e-05,-0.0006911172,-2.0896737e-06,0.0003056597,-2.433408e-06,-8.8053e-06,-0.0013874442,0.00018417525,0.039130054,1.482553e-06,0.0010032901,-0.022194928,0.0,-0.053917326,0.013728797,-0.71223193,0.011333818,-0.003543693,0.009596598,-0.04533772,-0.0005703861,7.7919176e-05,9.1923976e-05,0.016067091,-0.010719006,0.03899815,5.2452553e-05,-0.00054857635,-0.012691093
0.20814632,0.016464964,-0.3407325,0.0023903095,0.0075374725,-0.08715593,0.05692473,0.2379631,0.0021077509,0.0038248003,-0.025329653,-0.002441184,0.00010025811,-0.00037739569,1.2154758e-06,0.00031162013,-1.5846045e-06,-8.8053e-06,-0.00047043714,0.0003030731,0.072876565,1.3623961e-06,0.0011054723,0.000560459,0.0,0.0050647934,0.014132178,2.2471158e-05,0.032223906,0.11571429,0.012276054,-0.008038943,-0.0005713421,0.00013074544,9.1923976e-05,0.012356511,-0.0046795364,0.053198725,4.549083e-05,-0.0007893342,0.03170514
0.0038368637,0.023945246,-0.6017711,0.0022029884,0.0074414825,-0.125995,-1.5775521,-0.09776637,0.0016982428,0.0037005553,0.010162733,-0.0069365986,0.000569021,-0.00065153226,-7.0098804e-06,0.0015104086,-2.6179796e-06,-8.8053e-06,-0.0005739153,0.0005008915,0.05478745,1.3623961e-06,0.0009207307,-0.0049881013,0.0,-0.071270876,0.007962573,-0.0005108442,0.010053475,-0.0042251055,0.0058565773,-0.015602182,-0.00046837248,0.00011224683,0.00022482123,0.004262519,-0.0034280487,0.06310394,4.1348798e-05,-0.00068668305,0.027715009
0.41189718,-0.077331185,1.6435152,0.0022572991,-0.06247424,-0.06638751,-0.69672275,-0.04777099,0.0014341653,0.0062533333,0.019744892,0.00026491316,8.892553e-05,-0.0005212509,-2.159629e-06,0.0002949951,-2.6179796e-06,-1.7969436e-05,-0.00036849233,0.000261298,-0.67531323,1.3623961e-06,0.0008203634,-0.004487833,0.0,-0.013250896,0.007030424,-0.198606,0.008533852,-0.0031770496,0.013238621,-0.010726321,-0.0003663799,0.00035658613,9.1923976e-05,0.008112071,-0.0030608696,0.03337021,4.3609343e-05,-0.00069681945,0.023293972
0.40734905,0.23960559,-0.35344315,0.002345947,0.0073273163,-0.06465035,0.06490427,-0.103090346,0.0021489044,0.0038244922,0.01622529,-0.001959578,8.2704915e-05,-0.0004262214,-5.1272616e-07,0.00034466217,-2.6179796e-06,-8.8053e-06,-0.00031466625,0.00029206465,0.07601216,1.3768195e-06,0.0010363505,0.0019852265,0.0,0.0044674654,0.007168902,-0.066892,0.025861798,-0.0017719027,0.007166178,-0.016030814,-0.0005391778,0.00013074544,5.721677e-05,0.011327662,-0.004375906,0.11682791,3.307274e-05,-0.0012639189,0.032461625
-0.16549666,0.020202344,-0.33070356,0.001960693,0.008906365,-0.12592791,0.067128286,-0.0010097922,0.0022758122,0.0031446149,0.04758909,-0.00077904307,0.00011332211,-0.00056469114,1.1319574e-06,0.00033129286,-2.5845336e-06,-8.8053e-06,-0.0011903761,0.0005470238,0.03655806,1.3359235e-06,0.0020187593,0.07811606,0.0,-0.017571291,0.016987043,0.008723761,0.020501796,-0.0032679478,0.0066792457,-0.03445609,-0.00084301323,0.00013074544,9.1923976e-05,0.014901519,-0.007588757,0.12180813,2.085986e-05,-0.00122373,0.07669822
0.5354087,-0.076474205,2.3402855,0.002313449,-0.040125404,-0.07271248,-0.70832735,-0.05584273,0.0015112351,0.02761294,0.029550865,-0.0011548706,0.0001075303,-0.0004526734,-1.4128456e-06,0.00045603875,-2.6179796e-06,-3.804922e-05,-0.0015289411,0.00054824963,0.33537188,1.3623961e-06,0.00083100284,-0.007869628,0.0,-0.007364557,0.0089112865,0.0019989628,0.00820387,-0.0026926424,0.049486674,0.03428093,-0.00039310666,0.0011168092,5.582841e-05,0.0024230704,-0.0033153924,0.036479987,4.3609343e-05,-0.00059993117,0.033920243
0.26451102,-0.050345305,1.945496,0.0018885952,-0.044114377,-0.0769658,-0.6764135,-0.058174856,0.001560942,0.0053814147,0.02545133,-0.0009935134,0.0001075303,-0.0004919538,1.7378838e-07,0.00029843696,-2.561764e-06,-1.7969436e-05,-0.0015028985,0.0009017286,0.2207681,1.3623961e-06,0.0007569072,-0.008225328,0.0,0.0045023547,0.01948406,0.010177775,0.0058893515,-0.0025715665,0.030283136,-0.01568851,-0.00053249806,0.0011168092,5.582841e-05,0.0045386376,-0.003081957,0.03043216,5.9148522e-05,-0.00059993117,0.032822724
-1.585851,-0.15548952,0.6034565,0.0018098406,-0.23620473,-0.07989906,-0.83133405,-0.063373014,0.0015479864,0.0076036486,-0.0026819871,-0.0024956816,0.00010940935,-0.0006588637,-1.8050034e-07,0.00035368462,-2.561764e-06,-0.00012660101,-0.0017383484,0.000105759405,0.08440528,1.3623961e-06,0.0008359819,-0.011832878,0.0,-0.0038649426,0.013814006,0.008353141,0.0058410065,-0.0036963867,0.015185733,-0.01444336,-0.00053410727,0.00017215658,5.582841e-05,0.0037133982,-0.0037226155,0.031673267,5.9148522e-05,-0.0005548529,0.024888843
0.012245705,0.022893038,-0.61170053,0.0020571947,-0.018623728,-0.12141996,-1.5712974,-0.09841451,0.0016866726,0.003825381,0.0091438815,-0.006330657,0.00010940935,-0.00055477937,-4.0995778e-07,0.0002972135,-2.6179796e-06,-8.8053e-06,-0.0018378037,0.00046035455,0.07789803,1.3623961e-06,0.0010352891,-0.0063566337,0.0,-0.06650671,0.007897426,-0.0031624613,0.014975815,-0.0051741907,0.0059474646,-0.01622346,-0.00046837248,0.00013074544,5.582841e-05,0.004335033,-0.0038761436,0.060228195,4.3609343e-05,-0.00068668305,0.026321825
0.1893617,-0.07913677,1.8745401,0.0019630399,-0.0266505,-0.06637626,-0.6990894,-0.04778644,0.0014295784,0.006363942,0.022216376,0.0008659206,8.892553e-05,-0.0006528791,-4.210921e-06,0.0002949951,-2.6179796e-06,-1.7969436e-05,-0.00059563265,0.0002590925,-0.17726508,1.3623961e-06,0.000752614,-0.003831248,0.0,-0.008301187,0.0072175544,-0.1906371,0.0084260935,-0.0035743713,0.03162826,-0.021519823,-0.0003663799,0.0011168092,9.1923976e-05,0.0049083084,-0.002862359,0.03337021,4.3609343e-05,-0.00069681945,0.024308568
-0.20358011,0.020777335,-0.09328724,0.0021184066,0.035699688,-0.12572011,0.05076491,0.18682723,0.0022893155,0.0019974918,-0.013965,-0.0033894493,0.0001107329,-0.00046541434,-1.559475e-07,0.0003419275,-2.561764e-06,-8.8053e-06,-0.0015804002,0.0002102924,0.025553351,1.7984847e-06,0.001029847,-0.014388334,0.0,-0.009346029,0.020736847,0.015838977,0.010579575,-0.002802002,0.013938118,-0.013549213,-0.000864529,6.565037e-05,5.582841e-05,0.01921936,-0.005584078,0.05794976,9.361641e-05,-0.00062714115,0.05337133
-0.23847207,0.017924745,-0.1078063,0.0019952236,0.03558294,-0.11470867,0.049878504,-0.10551866,0.0021955501,0.0019974918,-0.021472668,-0.0033905199,0.00011455091,-0.0005044004,1.002487e-06,0.00034428918,-2.5462468e-06,-8.8053e-06,-0.0007832496,0.00016337041,0.025118247,2.2322445e-06,0.0010286779,-0.015293131,0.0,-0.008143823,0.016596172,0.009385846,0.019708402,-0.003119835,0.007856963,-0.019359777,-0.0008339631,6.565037e-05,5.582841e-05,0.007889141,-0.005797643,0.12089073,5.7399297e-06,-0.0010615366,0.062719345
-0.31107607,0.015630271,-0.35392353,0.0016704957,0.00859772,-0.17955054,0.011673255,-0.07085894,0.0017223597,0.0031419487,-0.044364695,-0.00410736,0.00012826867,-0.0006249705,2.4011007e-07,0.00035156336,-2.6179796e-06,-8.8053e-06,-0.00206931,0.00010086216,0.033865288,1.4683055e-06,0.0010228527,-0.012388123,0.0,-0.00989675,0.01578538,0.008500914,0.008757641,-0.0037097833,0.0020595165,-0.09612732,-0.00327996,0.00013074544,5.582841e-05,0.006966215,-0.0074843904,-0.054434214,1.4532544e-05,-0.0025536707,-0.11051381
-0.28039297,0.016266786,-0.137541,0.0018438111,0.03529431,-0.13509059,0.033342138,-0.17316405,0.0021198506,0.0019974918,-0.019122252,-0.0036409171,0.00012826867,-0.00051614543,1.4724557e-06,0.00035624378,-2.561764e-06,-8.8053e-06,-0.0015941057,0.00017002432,0.024556503,1.4683055e-06,0.0009333757,-0.004492551,0.0,-0.0056753913,0.015737189,0.008647502,0.009080252,-0.0032039385,0.00096603326,-0.052059047,-0.003280626,6.565037e-05,5.582841e-05,0.011211955,-0.006682844,-0.05277164,0.00018345212,-0.0025536707,-0.08080764
-0.28355062,0.018703133,-0.10683453,0.0019066613,0.0353444,-0.14781085,0.038478095,0.25578025,0.0021684945,0.0019974918,-0.01350066,-0.003541496,0.00012013174,-0.00047181174,-7.9328635e-07,0.00035118195,-2.561764e-06,-8.8053e-06,-0.0015316276,0.0002036199,0.024788748,1.482553e-06,0.00093142426,-0.0055567543,0.0,-0.006678027,0.019646073,0.014910388,0.008370687,-0.0029574663,0.008837658,-0.035146628,-0.003299586,6.565037e-05,5.582841e-05,0.012330846,-0.0066115363,-0.02389795,0.00021148806,-0.00090450526,-0.07073468
-0.30917054,0.019074261,-0.10779413,0.0018968151,0.035429377,-0.14557129,0.035760272,0.2556462,0.002195237,0.0019974918,-0.020067142,-0.0038505495,0.00012013174,-0.00049215235,-7.9328635e-07,0.0003501473,-2.561764e-06,-8.8053e-06,-0.0017708555,0.0004297406,0.024433987,1.482553e-06,0.0009347105,-0.0049383836,0.0,-0.004275671,0.019645395,0.014899024,0.008323725,-0.0030378962,0.008597355,-0.041376665,-0.003299586,6.565037e-05,5.582841e-05,0.010743059,-0.0066559827,-0.0225398,0.00021148806,-0.00090450526,-0.07554213
0.6415155,-0.0765023,2.124881,0.0023198968,-0.02955108,-0.06633313,-0.6983736,-0.047737606,0.0014389011,0.006756209,0.027306145,0.0011188767,8.892553e-05,-0.00048385293,7.3648584e-07,0.0002949951,-2.6179796e-06,-1.7969436e-05,-0.00036849233,0.00027009597,0.0603117,1.3623961e-06,0.0008371623,-0.0041359477,0.0,-0.013147815,0.007460517,-0.19349246,0.008562935,-0.0030924603,0.032290433,-0.004778456,-0.0003663799,0.0011168092,9.1923976e-05,0.009875936,-0.0030544535,0.03337021,4.3609343e-05,-0.00069681945,0.025563851
0.5067171,-0.078591034,1.9712845,0.0024910981,-0.0010729138,-0.06686386,-0.70398176,-0.04771931,0.0015942332,0.006220328,0.021583462,-0.0007772925,9.7320226e-05,-0.0005500317,-6.341536e-06,0.0003671907,-2.6179796e-06,-1.7969436e-05,-0.00021581032,0.0003646252,0.012735504,1.3623961e-06,0.0007605017,-0.00084715727,0.0,-0.003440841,0.0072455816,-0.15547204,0.0056103757,-0.0021349988,0.032392744,-0.013837839,-0.0003663799,0.0011168092,0.00068863574,0.009787711,-0.0022614663,0.04972756,4.1348798e-05,-0.00069681945,0.025055833
-0.20419517,0.018093636,-0.103436545,0.0021241347,0.03529537,-0.09551835,0.060222536,-0.11139959,0.002264527,0.001996892,-0.024060294,-0.00046297163,0.00011455091,-0.00053513516,7.030129e-07,0.00034563587,-2.528318e-06,-8.8053e-06,0.0005855867,-2.1777443e-05,0.025778135,1.4087501e-06,0.0017543049,0.040398728,0.0,-0.026401129,0.016870249,0.009513258,0.020491911,-0.002842319,0.0075966157,-0.0308234,-0.0008436793,6.565037e-05,9.1923976e-05,0.018423198,-0.006271603,0.122030415,9.719578e-06,-0.0012214249,0.07437557
-0.28039297,0.016266786,-0.137541,0.0018438111,0.03529431,-0.13509059,0.033342138,-0.17316405,0.0021198506,0.0019974918,-0.019122252,-0.0036409171,0.00012826867,-0.00051614543,1.4724557e-06,0.00035624378,-2.561764e-06,-8.8053e-06,-0.0015941057,0.00017002432,0.024556503,1.4683055e-06,0.0009333757,-0.004492551,0.0,-0.0056753913,0.015737189,0.008647502,0.009080252,-0.0032039385,0.00096603326,-0.052059047,-0.003280626,6.565037e-05,5.582841e-05,0.011211955,-0.006682844,-0.05277164,0.00018345212,-0.0025536707,-0.08080764
-0.17687337,0.016778445,-0.10050342,0.0020047436,0.035303667,-0.09453551,0.046991944,-0.14037251,0.0021379218,0.0014069661,-0.015459581,-0.0035030174,0.0001244795,-0.0005267721,3.013608e-07,0.00035535768,-2.561764e-06,-5.1063694e-06,-0.0009995557,0.00041575334,0.017646404,3.580774e-05,0.0010323889,-0.01242056,0.0,-0.00044946454,0.0166156,0.008651286,0.009167841,-0.003177815,-0.04232727,0.010510765,-0.0008435037,6.565037e-05,3.4710494e-05,-0.0686436,-0.006079501,-0.048812665,-0.00033076206,-0.002584824,0.04798294
-0.37757728,0.01768919,-0.079219155,0.0018335051,0.035283875,-0.14395882,0.04729714,0.23562206,0.0017555364,0.0014072388,-0.01226182,-0.0036355564,0.00012228076,-0.0005143061,-2.188699e-07,0.00035504124,-2.5462468e-06,-8.8053e-06,-0.00019514025,0.00013234945,0.017149998,1.766914e-06,0.00093430356,-0.006602202,0.0,-0.0012433735,0.018825997,0.0117516015,0.007585985,-0.003033237,-0.039206583,0.022305777,-0.003247661,6.565037e-05,3.4710494e-05,0.015578905,-0.006112602,-0.021874472,0.00013092297,-0.018335417,-0.07335571
-0.24900854,0.016244985,-0.1011134,0.001913131,0.035303667,-0.10176467,0.047288954,-0.13632245,0.0020724726,0.0014069661,-0.020560408,-0.0035030174,0.0001244795,-0.0005289479,3.3094213e-07,0.00035535768,-2.5462468e-06,-5.1063694e-06,-0.0009752691,0.000409014,0.01756403,9.410905e-06,0.0010260416,-0.012841671,0.0,-0.00016798759,0.016345717,0.008621082,0.009079061,-0.0032597773,-0.042824004,0.005597992,-0.00083189795,6.565037e-05,3.4710494e-05,-0.06356421,-0.0062209554,-0.049137603,-8.259351e-05,-0.002584824,0.049682587
-0.26983643,0.019941354,-0.09072339,0.0021487684,0.03543337,-0.09563609,0.062002726,0.18598413,0.0023272561,0.001996892,-0.019457849,-0.00046190142,0.0001107329,-0.00050470897,4.1793092e-07,0.00034327418,-2.1096275e-06,-8.8053e-06,0.00045948647,0.00011372226,0.025944581,2.8269637e-06,0.0017842262,0.04767684,0.0,-0.022318639,0.020471161,0.01590598,0.01123655,-0.0028125457,0.017025935,0.015894676,-0.00080412655,6.565037e-05,9.1923976e-05,0.014047095,-0.006342553,0.0664151,0.00010889112,-0.0007870289,0.06978635
0.5185025,0.017227292,-0.30658537,0.0031348246,0.0074704285,-0.078214206,0.19653451,0.43935436,0.002253414,0.003825514,0.015523229,0.026437603,0.00010074313,-0.000661651,-1.1093518e-06,0.00035123678,-2.433408e-06,-8.8053e-06,-0.0004595649,2.8067532e-05,0.07469118,1.482553e-06,0.0010574785,0.0065128407,0.0,-0.019820923,0.012438086,-0.2136318,0.03458154,-0.0019847464,0.011940005,-0.03490665,-0.0007961002,7.7919176e-05,9.1923976e-05,0.013168372,-0.0056708315,-0.018695286,0.00014012541,-0.0008259406,0.026115857
0.53532773,0.016973494,-0.29320204,0.003223539,0.0073588584,-0.07919031,0.19837888,0.42927068,0.002262328,0.0037070673,0.012214101,0.02568593,0.00016195062,-0.0007991965,-2.9003653e-05,0.0008051682,-2.433408e-06,-8.8053e-06,-0.0001049799,3.5545814e-05,0.054455098,1.482553e-06,0.0010030726,0.0073837,0.0,-0.014901045,0.012488032,-0.2023214,0.021138169,-0.0019870363,0.0130218,-0.030482927,-0.0007961002,7.7919176e-05,0.00068863574,0.013177342,-0.005029505,-0.020175451,0.00013386631,-0.0008259406,0.025072
-0.05211872,0.026101975,-0.20572573,0.0024359233,0.009606747,-0.14200576,0.16476879,0.5639232,0.0025111798,0.0019088696,-0.004477747,0.029201897,0.00012149692,-0.00035121353,-5.827195e-07,0.00039398964,-2.3771925e-06,-8.8053e-06,-0.0011443269,0.0010451975,0.023154955,1.3194209e-06,0.00085433706,-0.0046461485,0.0,0.046837248,0.023201764,0.016091583,0.009242602,-0.0017498783,-0.0657665,0.030524265,-0.0013106375,7.7919176e-05,3.4710494e-05,0.02813675,-0.006417009,-0.015368151,0.00023562726,0.00031056465,0.010274578
-0.16460589,0.016202357,-0.34429646,0.0018139047,0.008869367,-0.13877144,0.029754804,-0.18175438,0.0018943079,0.0031436554,-0.043468114,-0.0010486543,0.00012826867,-0.00059648557,1.2025629e-06,0.00035408305,-2.528318e-06,-8.8053e-06,0.00039986524,1.158404e-05,0.034015942,1.4560803e-06,0.0010319958,0.01694154,0.0,-0.036057442,0.015789576,0.008542107,0.009397552,-0.003164747,0.0023331784,-0.09307007,-0.0032780704,0.00013074544,9.1923976e-05,0.011944284,-0.007619211,-0.054121725,1.498831e-05,-0.0027135583,-0.122642554
0.082739025,0.009846726,-0.2806466,0.0021682712,0.007535584,-0.11819842,0.06141933,-0.19356507,0.002208042,0.0023025207,-0.016418932,-0.007507937,0.00012503078,-0.0005691287,2.2041948e-07,0.00042544666,-2.6179796e-06,-8.8053e-06,-0.0016828157,6.724245e-05,0.050574202,1.3051734e-06,0.0013376315,-0.010616258,0.0,-0.06795797,0.0093793785,-0.0067692767,0.023387782,-0.0037885685,-0.0616496,0.02982313,-0.00058017997,0.00013074544,3.4710494e-05,0.014731987,-0.0058867987,-0.047397155,0.00018370306,-0.00258152,0.026978308
-0.27261284,0.01940281,-0.09403748,0.002092021,0.03529537,0.015751578,0.06148251,-0.068040945,0.0022476108,0.0019968823,-0.019581592,-0.0004568569,0.00011893873,-0.000528423,6.980405e-07,0.00034563587,-2.528318e-06,-8.8053e-06,0.0007244211,-3.0076786e-05,0.02574301,2.2705995e-06,0.001971832,0.060695916,0.0,-0.023676304,0.016290307,0.011265474,0.011090171,-0.0027990327,0.010870115,-0.01654097,-0.00074277475,6.565037e-05,9.1923976e-05,0.018691586,-0.0064147343,0.086341195,1.48940635e-05,-0.0008950768,0.06607953
-0.2255642,0.022506865,-0.08901286,0.0021810299,0.03543337,-0.11322276,0.06166544,0.2646981,0.0023240147,0.0019970867,-0.018469533,-0.00046190142,0.0001107329,-0.0004994993,-3.2108593e-07,0.0003401822,-2.4287144e-06,-8.8053e-06,0.00074001955,8.55546e-05,0.026357453,2.284847e-06,0.0017724722,0.047202412,0.0,-0.023889953,0.022144686,0.016617382,0.011260592,-0.0026024962,0.01563106,-0.016519418,-0.00091567903,6.565037e-05,9.1923976e-05,0.03533451,-0.0063393856,0.06301937,0.00010889112,-0.0007870289,0.058815088
0.21484998,0.011830374,-0.2785848,0.002416036,0.008011535,-0.12199278,0.048115216,-0.20187965,0.0021866525,0.0023116367,-0.01410019,-0.0041109794,0.00013041771,-0.0005930094,1.7409283e-06,0.00036367457,-2.5845336e-06,-8.8053e-06,-0.00058993103,-0.00014063017,0.0328799,1.2929482e-06,0.0013769892,0.004935194,0.0,-0.0035407508,0.0091466345,0.0021770839,0.027400607,-0.004310102,-0.06547717,0.044003468,-0.0016085824,0.00013074544,4.7486832e-05,0.01891021,-0.006058752,-0.048744787,0.00018214923,-0.002741408,-0.055016972
-0.40430427,0.013521964,-0.07519533,0.0018494605,0.035029538,-0.13857861,0.050668772,0.22834522,0.0020588299,0.0014063664,-0.021124074,-0.00072653603,0.00012228076,-0.000556892,-2.5338586e-06,0.00035638793,-3.2793973e-06,-8.8053e-06,0.0006007472,-2.3139262e-05,0.017111275,1.2741996e-06,0.0010638222,0.018710135,0.0,-0.026668202,0.019387875,0.011872023,0.008659087,-0.0028922788,-0.052496757,0.009380887,-0.0033858283,6.565037e-05,4.7486832e-05,0.015373233,-0.006848178,-0.024820836,0.0001151839,-0.0010922431,-0.0921332
0.22413668,0.011814557,-0.28059334,0.0023798342,0.008349556,-0.12189315,0.053426877,-0.20206162,0.0022832714,0.0023116278,-0.015225228,-0.0041109794,0.00013041771,-0.0005715874,1.7373555e-06,0.00036367457,-2.5845336e-06,-8.8053e-06,-0.00091578224,0.017632842,0.03278238,1.2929482e-06,0.0014112241,0.014158864,0.0,-0.0043406286,0.009145063,0.0031858627,0.027420389,-0.00422927,-0.065398276,0.042917877,-0.0016085824,0.00013074544,4.7486832e-05,0.019300386,-0.0065363203,-0.048654784,0.00018214923,-0.002741408,-0.060684834
0.19777834,0.012701907,-0.21128047,0.002294003,0.0072438275,-0.1199114,0.057338066,0.33799744,0.0021585166,0.0021801284,-0.0388173,-0.0058826073,0.00014017987,-0.00060548563,-2.7645749e-05,0.00037992615,-2.48493e-06,-8.8053e-06,-0.0002608297,-0.00013703032,0.03330482,1.3071958e-06,0.0012253043,0.001190028,0.0,-0.005934483,0.014227148,0.00018991416,0.014643068,-0.0033844255,-0.07802318,0.02600271,-0.0016986098,0.00013074544,0.000173355,0.020352118,-0.0052116183,-0.024222717,0.00018180335,-0.0010922431,-0.04555367
-0.40724063,-0.31017825,-0.13808204,0.0016242542,0.03494543,-0.359182,0.09114915,-0.22173144,-0.23335834,0.0014063817,0.0010240425,-0.00045567335,0.00012130583,-0.0005810305,-1.0721609e-06,0.0003608997,-2.528318e-06,-8.8053e-06,0.0004404078,-0.0077447235,0.021679718,1.2050825e-06,0.00091906247,0.021472344,0.0,-0.04193853,0.009338201,0.0028646037,0.00879517,-0.0027078479,-0.035945203,0.021275587,-0.0032949236,6.565037e-05,4.7486832e-05,0.016007325,-0.011501101,-0.06357101,2.8723536e-05,-0.0024113103,-0.064469546
-1.3976868,-0.059772614,0.74966305,0.0016539408,-0.19418454,-0.08459186,-0.6055738,-0.053423222,0.001186629,0.003916761,0.0063726944,0.0010640648,0.00011790739,-0.0005446594,-1.0106864e-06,0.00039584457,-2.5462468e-06,-3.804922e-05,0.0008046576,0.00025526376,0.064162835,1.6177842e-06,0.0007303216,-0.005139845,0.0,-0.016114295,-0.46173924,0.0021143507,0.0039520836,-0.0027349852,-0.14117825,0.007978784,-0.001368631,0.0002712562,4.7486832e-05,0.012066473,-0.003750804,-0.014447427,3.9417395e-05,-0.014234235,-0.04526555
-0.23476265,0.016394062,-0.12814452,0.0020740032,0.035298306,-0.12246717,0.040028185,-0.16504776,0.0022856076,0.0019974918,-0.012246049,-0.003612876,0.00013041771,-0.0005059757,1.4724557e-06,0.00036010306,-2.561764e-06,-8.8053e-06,-0.00108362,0.00017018247,0.022683261,2.2828247e-06,0.0010262026,-0.007039512,0.0,-0.0032699998,0.015902966,0.008036387,0.009205467,-0.0029812395,0.0037042596,0.030917874,0.01651091,6.565037e-05,5.582841e-05,0.015029387,-0.0061240178,-0.051949278,1.37722545e-05,-0.0025536707,-0.0684937
0.19777834,0.012701907,-0.21128047,0.002294003,0.0072438275,-0.1199114,0.057338066,0.33799744,0.0021585166,0.0021801284,-0.0388173,-0.0058826073,0.00014017987,-0.00060548563,-2.7645749e-05,0.00037992615,-2.48493e-06,-8.8053e-06,-0.0002608297,-0.00013703032,0.03330482,1.3071958e-06,0.0012253043,0.001190028,0.0,-0.005934483,0.014227148,0.00018991416,0.014643068,-0.0033844255,-0.07802318,0.02600271,-0.0016986098,0.00013074544,0.000173355,0.020352118,-0.0052116183,-0.024222717,0.00018180335,-0.0010922431,-0.04555367
-0.8732179,-0.0572011,0.28299826,0.0019599071,0.30769488,-0.086998045,0.013563501,0.118750595,0.0016315818,0.0039174077,-0.0744931,-0.0017350985,0.00011329273,-0.00046682483,-1.916475e-06,0.00033294165,-2.4621604e-06,-1.7520075e-05,-0.0019762581,0.00041330833,0.060721207,4.725719e-06,0.00082267186,-0.007754672,0.0,0.0066443756,0.016950494,0.009056549,0.0051170597,-0.00245171,-0.15698662,0.0016187469,-0.0006992783,0.0002712562,3.4710494e-05,-0.099954434,-0.004142365,-0.012736424,-0.0014271238,-0.0006692489,0.02276996
-0.48784816,0.004988375,-0.09146528,0.0014878139,0.034956362,-0.15822409,0.054256186,0.22439443,0.0014111949,0.0014064197,-0.013645015,-0.0005738359,0.00012228076,-0.00055847014,-1.0496232e-06,0.0003381075,-2.4621604e-06,-8.8053e-06,0.00060217874,8.764874e-05,0.020983955,1.6463716e-06,0.00091414497,-0.006766105,0.0,-0.03211678,-0.68567336,0.0069355173,0.007724136,-0.0031700288,-0.047085494,0.009322792,-0.0034847776,6.565037e-05,4.7486832e-05,0.017767662,-0.0069221375,-0.022968631,0.00011472814,-0.0009026489,-0.048847113
0.21484998,0.011830374,-0.2785848,0.002416036,0.008011535,-0.12199278,0.048115216,-0.20187965,0.0021866525,0.0023116367,-0.01410019,-0.0041109794,0.00013041771,-0.0005930094,1.7409283e-06,0.00036367457,-2.5845336e-06,-8.8053e-06,-0.00058993103,-0.00014063017,0.0328799,1.2929482e-06,0.0013769892,0.004935194,0.0,-0.0035407508,0.0091466345,0.0021770839,0.027400607,-0.004310102,-0.06547717,0.044003468,-0.0016085824,0.00013074544,4.7486832e-05,0.01891021,-0.006058752,-0.048744787,0.00018214923,-0.002741408,-0.055016972
-0.39642772,0.018096725,-0.09251157,0.0017202941,0.035303667,-0.036369283,0.044012725,-0.07326922,0.0018856744,0.0014069453,-0.029463042,-0.003552907,0.00012650464,-0.0005290587,2.9076156e-07,0.00035535768,-2.561764e-06,-5.1063694e-06,-0.0027961882,0.00041322567,0.017648553,4.3955397e-06,0.0011615033,-0.04758633,0.0,-0.0014261847,0.015922075,0.010562562,0.007784529,-0.0032734098,-0.045667462,0.0019655677,-0.0007665921,6.565037e-05,3.4710494e-05,-0.10443867,-0.006694282,-0.027730197,-0.002778633,-0.0010796387,0.027445856
-0.27335468,0.018932989,-0.07485388,0.0019838344,0.03531452,-0.14832239,0.04951354,0.27469033,0.0020669163,0.0014071607,-0.0226706,-0.0035256974,0.000116342555,-0.0005273457,-1.916475e-06,0.00034720387,-2.4621604e-06,-5.1063694e-06,-0.0014401498,0.00040518068,0.018117385,9.475732e-06,0.0010023076,-0.014306826,0.0,0.0016389788,0.020605272,0.012554282,0.008298935,-0.0031959899,-0.056650035,0.006497561,-0.0009333917,6.565037e-05,3.4710494e-05,-0.12066686,-0.0062989364,-0.022472765,-0.0016310697,-0.0009356588,0.033283472
-0.2500571,-0.35956407,-0.24806897,0.001797054,0.03576083,-0.15349795,-1.2652627,-0.08722898,0.0015960376,0.0009358476,0.011148046,-0.0026563131,0.000115113755,-0.0005318895,-1.6914939e-06,0.0002959293,-2.561764e-06,-3.5698652e-06,-0.0012183641,0.0012620336,0.02836007,1.2290822e-05,0.0009010673,-0.009474258,0.0,-1.8483817e-05,0.009821353,0.0052099987,0.0063687093,-0.0030846118,-0.032996505,0.0020391557,-0.000672738,6.565037e-05,3.4710494e-05,-0.030550784,-0.0044157566,-0.02575911,-0.00053545897,-0.0011138101,0.023607517
-0.25152984,-0.37098625,-0.24867202,0.001822182,0.035867922,-0.15163608,-1.2548232,-0.09138076,0.0016086214,0.0009358476,0.017262675,-0.0028379897,0.000115113755,-0.0005323889,-1.6914939e-06,0.00029489465,-2.561764e-06,-3.5698652e-06,-0.0023070183,0.0013847436,0.02873695,3.919665e-06,0.00089805777,-0.010954482,0.0,0.001084472,0.009776211,0.005214953,0.0063929562,-0.00307943,-0.029561032,0.009949205,-0.0006431669,6.565037e-05,3.4710494e-05,-0.035648674,-0.0045865607,-0.024164267,-0.00086909713,-0.0011138101,0.0131999925
-0.30433613,0.017894186,-0.1227415,0.0018453131,0.035333544,0.011072927,0.036100946,-0.09401402,0.002136827,0.001997482,-0.014682527,-0.0035004902,0.00013265651,-0.00049430743,1.4674831e-06,0.00035624378,-2.561764e-06,-8.8053e-06,-0.0015662106,0.00018751972,0.024760708,1.4683055e-06,0.0011504455,-0.035243496,0.0,-0.0049876845,0.015160946,0.010459931,0.008034951,-0.0030561201,0.005710762,-0.037600074,-0.0027062953,6.565037e-05,5.582841e-05,0.013417957,-0.006682844,-0.027679307,0.00020282637,-0.0010481124,-0.066592425
-0.27133074,0.021339267,-0.10564941,0.0019906673,0.03530516,-0.14600581,0.038447343,0.351606,0.0021621392,0.0019976865,-0.014022025,-0.0036439926,0.00012013174,-0.00050187676,-6.885312e-07,0.00034981655,-2.4621604e-06,-8.8053e-06,-0.0011071294,0.00017074043,0.024902033,2.2970721e-06,0.00092049193,-0.0062620365,0.0,-0.0036062612,0.021832332,0.015708113,0.008363712,-0.0031264585,0.014768138,-0.03488829,-0.0034451697,6.565037e-05,5.582841e-05,0.025962504,-0.0062105358,-0.024448944,0.000105063176,-0.00090450526,-0.06794955
0.30930132,-0.047743354,1.7365527,0.0019237289,0.034427967,-0.08269155,-0.64155835,-0.056831405,0.0015843892,0.002939888,0.04968374,-0.0010397151,0.00011206393,-0.0003974001,-1.6914939e-06,0.00029224769,-2.561764e-06,-1.0383145e-05,-0.0018843706,0.0033314181,0.10180868,3.4824338e-06,0.00077540113,-0.006463189,0.0,0.0135689555,0.019586788,0.009765632,0.00473752,-0.002094642,-0.12756558,0.010522066,-0.0005309407,0.0011168092,3.4710494e-05,-0.009817008,-0.0034130767,-0.013149717,-0.0007505766,-0.0007890635,0.030119231
-0.38808635,0.017823448,-0.105596684,0.0019344095,0.03502272,0.04648071,0.050980985,-0.08980798,0.0021370163,0.0019968823,-0.019945145,-0.00072388735,0.00013480554,-0.00054366403,1.6507597e-06,0.00036144975,-2.1096275e-06,-8.8053e-06,0.00044534286,-3.8494443e-05,0.022539077,2.2200193e-06,0.001343372,0.033765223,0.0,-0.028321596,0.015064742,0.009741604,0.008452476,-0.0027960166,0.007979486,0.014925874,0.012448402,6.565037e-05,9.1923976e-05,0.014083142,-0.0068585416,-0.030836018,2.6768881e-05,-0.0012080005,-0.08055168
-0.22634743,0.022354089,-0.09531935,0.0021342717,0.03505482,-0.13478102,0.0512634,0.35866636,0.0022854216,0.0019970867,-0.016147926,-0.00072653603,0.00012228076,-0.0004985643,-9.584242e-07,0.00035502252,-2.4287144e-06,-8.8053e-06,0.0007737367,8.026185e-05,0.023344882,3.3401627e-06,0.0011035658,0.021035893,0.0,-0.026683638,0.02187881,0.013182914,0.008960184,-0.0025427453,0.013358263,0.020703642,0.017946439,6.565037e-05,9.1923976e-05,0.035886683,-0.006831427,-0.024484433,0.0001151839,-0.0010643934,-0.06317904
-0.28578252,0.021598509,-0.09683593,0.002096332,0.03505482,-0.13650829,0.051140893,0.34800678,0.0022393332,0.0019970867,-0.017353607,-0.00072653603,0.00012228076,-0.00052107906,-9.584242e-07,0.00035502252,-2.4287144e-06,-8.8053e-06,0.0007537937,6.760794e-05,0.023113905,2.284847e-06,0.0010752613,0.022357913,0.0,-0.027319478,0.02187511,0.013178851,0.008912429,-0.0027801578,0.016128432,0.020428786,0.017852021,6.565037e-05,9.1923976e-05,0.03220211,-0.0068944083,-0.025450429,0.0001151839,-0.0010643934,-0.0632692
0.14393981,0.013496921,-0.22463721,0.002183363,0.0075388444,0.12791415,0.06317365,-0.07815991,0.0021309934,0.0023008175,-0.018371768,-0.0064706295,0.00012916684,-0.0006320308,-4.862469e-07,0.00036250585,-2.5845336e-06,-8.8053e-06,-0.00037698078,-0.00014257521,0.049444642,1.2423083e-06,-0.05471595,0.030786645,0.0,0.0009856037,0.008747796,-0.006384557,0.012557468,-0.003526632,-0.069758475,0.020389447,-0.0005478962,0.00013074544,4.7486832e-05,0.01854908,0.04265728,-0.023585394,0.00015925111,-0.0012361639,0.027008511
-0.06568291,0.019280974,-0.20789851,0.002064793,0.009070545,0.0806388,0.053323325,-0.08545343,0.0021960211,0.0019080545,-0.02146114,-0.00027131694,0.00012941862,-0.0005012151,2.0868555e-08,0.0003573874,-2.528318e-06,-8.8053e-06,0.00045246724,-2.1212327e-05,0.021961471,1.2929482e-06,0.0056432504,0.066029005,0.0,-0.027053794,0.016246254,0.010968079,0.008816632,-0.0025540525,-0.06465307,0.016081547,-0.0007623838,0.00013074544,4.7486832e-05,0.022191541,0.084246494,-0.026939955,0.00020356516,-0.001236223,0.05098298
-0.030555373,0.022782927,-0.20665385,0.0021811447,0.009096694,-0.12831391,0.0537006,0.34211683,0.0022778995,0.0019082698,-0.021031411,-9.744135e-06,0.00011689385,-0.00045069383,-2.186368e-06,0.00035070567,-2.4287144e-06,-8.8053e-06,0.00047388766,4.9011174e-05,0.022531524,1.3071958e-06,0.005464867,0.05314449,0.0,-0.024733998,0.022440495,0.014076772,0.009221333,-0.0023548808,-0.06775723,0.016048875,-0.0008806304,0.00013074544,4.7486832e-05,0.033146065,0.08828058,-0.02110294,0.00022535793,-0.0010922431,0.045897193
0.8739467,0.019451214,-0.23425922,0.0032745271,0.0075117475,0.32345897,0.20165978,-0.08063524,0.0021223964,0.0037103437,-0.012279715,-0.0017854644,-0.010634671,-0.000976444,1.017851e-05,0.0023869746,-3.9870524e-06,-3.5122043e-06,-0.00034728093,2.7646825e-05,0.04647942,1.4683055e-06,0.0009337736,0.00076083554,0.0,0.0004394652,0.009218564,0.0012196446,0.017394919,-0.0018816185,0.007408447,0.023507979,-0.0009970776,-0.00045955266,0.00068863574,0.015157094,-0.0038548894,-0.020733902,0.00016206302,-0.0009695477,-0.018725635
0.8896234,0.01962096,-0.23293518,0.0033817973,0.0075450446,0.32444406,0.20312329,-0.08024531,0.002139303,0.0037103437,-0.011530402,-0.0011504908,0.0021489915,0.059870977,2.2692228e-05,0.003116758,-1.704143e-06,-3.5122043e-06,-0.0002809689,3.1328695e-05,0.046325125,1.4683055e-06,0.00083947676,0.0010178529,0.0,0.001402257,0.009218564,0.0016508049,0.017391467,-0.001430597,0.0072036376,0.022820724,-0.0009854917,-0.00045955266,0.00068863574,0.015158968,-0.0035131082,-0.020308351,0.00016206302,-0.0009695477,-0.017970668
0.107543774,-0.080090225,1.6189607,0.0024394593,0.025253924,-0.08749094,-0.68222064,-0.06103868,0.0014980619,0.0032746084,0.007917565,-0.0017372665,0.00062625535,-0.0007129166,-5.932465e-06,0.0015032556,-2.6179796e-06,-1.7969436e-05,-0.00016915769,0.0002644778,-0.1424193,1.1928827e-06,0.0006516987,-0.0006432331,0.0,-0.0066940836,0.0088520935,-0.00011286927,0.004239849,-0.0022566295,-0.13507979,0.015563884,-0.0006915736,0.00027125626,0.000173355,0.010023548,-0.0025835552,-0.015311844,5.4081174e-05,-0.0008826823,-0.046015445
-0.051016904,0.021208096,-0.19442894,0.0024124177,0.008906372,0.34984165,0.14454186,-0.04597185,0.002380762,0.0019092073,0.026703075,-0.0003936235,0.00012844369,-0.00047380727,5.479525e-07,0.00034864794,-2.5845336e-06,-8.8053e-06,0.007987167,0.0005047611,0.024432132,1.4580792e-06,0.006458181,0.08871196,0.0,-0.044548653,0.017470095,0.0125123905,0.0092245955,-0.0023854102,-0.06468297,0.017480535,-0.0007442155,0.00013074544,4.7486832e-05,0.03151865,0.101226345,-0.01755413,4.234643e-05,-0.0010026684,0.046930432
0.0906401,-0.075363725,1.5909461,0.0023672997,0.025902957,-0.08054631,-0.69465894,-0.062002845,0.0015400025,0.0034257777,-0.03084369,-0.0041855206,0.00013148926,-0.0004857756,-2.8961631e-05,0.0003956014,-2.4995654e-06,-1.7969436e-05,-1.3112519e-05,-0.00013101069,-0.160853,1.192507e-06,0.0015943735,0.010639165,0.0,-0.009096097,0.0089307185,0.0006710258,0.004548045,-0.001738998,-0.13524337,0.011134527,-0.0003847671,0.00035005296,0.000173355,0.013048554,0.028322643,-0.015369428,0.00018622933,-0.00087778416,0.019533368
0.29116434,0.015422738,-0.1945443,0.0026038815,0.0076030064,0.1742932,0.0658634,-0.08118878,0.0021460385,0.0021793067,-0.0063266284,0.033171684,0.000801083,-0.00064127304,1.6346746e-07,0.0019684169,-2.4995654e-06,-8.8053e-06,-7.6483186e-05,-0.00013459487,0.033329953,1.2423083e-06,-0.028919687,0.024447825,0.0,-0.000892586,0.008831254,0.0019202157,0.0140237445,-0.0019511497,-0.07029135,0.01933218,-0.0005459794,6.931091e-05,0.000173355,0.01793519,0.04799585,-0.021435618,0.00016169508,-0.0012361639,0.027420186
0.24182981,0.016202077,-0.18843472,0.0026470916,0.007603135,-0.100378215,0.067671165,0.35312948,0.0022166097,0.0021799556,0.015026765,0.032834373,0.0006214168,-0.00062537304,-3.0025521e-05,0.0017068693,-2.399962e-06,-8.8053e-06,-5.595168e-05,-0.00011056106,0.033627387,1.2565558e-06,-0.026799588,0.019287705,0.0,-0.0072988295,0.014453975,0.0034646473,0.016398096,-0.0019530343,-0.07731331,0.012360982,-0.00061342824,6.931091e-05,0.000173355,0.02052594,0.04648788,-0.022900918,0.00018555249,-0.001092184,0.02736481
0.05742206,-0.07535092,1.5721309,0.0023420341,0.02496445,-0.08159536,-0.6960193,-0.061979532,0.0015485096,0.0032732862,-0.034071118,-0.0024803544,0.00014422539,-0.0005268374,-3.35846e-05,0.0005917135,-2.4995654e-06,-1.7969436e-05,7.870521e-06,-0.00012233533,-0.13196594,1.192507e-06,0.0015320351,0.0075124907,0.0,-0.008825752,0.008873598,0.0010194363,0.0045738486,-0.0017616432,-0.13524337,0.009609705,-0.0003847671,0.00027550908,0.000173355,0.012822486,0.02796163,-0.016300961,0.00018622933,-0.00087778416,0.019512083
0.3162388,0.015537422,-0.1893171,0.0026225445,0.007609336,0.19260779,0.06787561,-0.08137156,0.0021468366,0.0021793067,-0.008045101,0.021879882,0.00080133474,-0.00059709273,-1.949195e-06,0.001982316,-2.4995654e-06,-8.8053e-06,-4.9757193e-05,-0.000134981,0.033505827,1.2929482e-06,0.0059877806,0.026420292,0.0,-0.0010448673,0.008831254,0.0019276337,0.014046977,-0.0018638961,-0.07029228,0.019803599,-0.0005459794,6.931091e-05,0.000173355,0.018009476,0.056067094,-0.021418162,0.00016169508,-0.001236223,0.028832216
0.48464382,-0.10096825,1.2839401,0.0033375542,0.026161063,-0.048844926,0.09716307,-0.08892614,0.0021080368,0.02669923,-0.004345113,-0.0019060882,0.0007549286,-0.00095168385,-0.00055077235,0.0036708505,-3.35622e-06,5.169073e-05,-0.0003231843,2.9090435e-05,0.24602321,1.4683055e-06,0.00079064805,-0.00081670604,0.0,-0.012550116,0.009110282,0.0012036576,0.0056465785,-0.002061545,0.0446936,0.0073890183,-0.0008699089,-0.0011566747,-0.00045909046,0.014171878,-0.0036509752,-0.019791434,0.0001533881,-0.0010369066,-0.023298403
0.4739234,-0.10209472,1.2833755,0.0032819817,0.026161063,-0.048857275,0.096359506,-0.08893672,0.0021036952,0.02671223,-0.00473059,-0.0019082283,0.00035326614,-0.0009514354,4.2266065e-06,-0.014364744,-2.8736467e-06,5.169073e-05,-0.0003231843,2.9090435e-05,0.24597608,1.4683055e-06,0.00078907545,-0.0008200376,0.0,-0.012503846,0.009080319,0.0007994066,0.0056377403,-0.0020917803,0.04469219,0.0073305136,-0.0008699089,-0.0011566747,-0.00045909046,0.014111071,-0.003653,-0.019899178,0.0001533881,-0.0010369066,-0.023294186
0.49483994,-0.10076331,1.284024,0.0033577303,0.026167553,-0.048605163,0.097202614,-0.088882715,0.0021056817,0.02671792,-0.004380361,-0.0017881135,0.0020967594,-0.0009500374,2.2697208e-05,0.0036295387,0.00040581424,6.1813353e-06,-0.0003231843,2.9090435e-05,0.24601503,1.4683055e-06,0.0007865191,-0.00080391957,0.0,-0.012473492,0.009110282,0.0012263595,0.005645473,-0.002002196,0.04469219,0.0073890183,-0.0008699089,-0.0011566747,-0.00045909046,0.014173609,-0.0036411074,-0.019799192,0.0001533881,-0.0010369066,-0.02189369
0.33078083,-0.08775846,1.2531468,0.002821026,0.026165772,-0.05032853,0.032872014,-0.08760069,0.0021884646,0.026709888,-0.006019306,-0.0021120124,0.00074910274,-0.00071915105,-2.1511764e-06,0.002233731,-2.6179796e-06,7.5960605e-05,-0.00030601933,3.4339444e-06,0.24104886,1.4683055e-06,0.000996479,-0.0073006395,0.0,-0.006993028,0.008685476,0.0012570337,0.0056907437,-0.0024515435,0.04503168,-0.0032889019,-0.0004358706,-0.0011566747,-0.00045909046,0.014123857,-0.0038485255,-0.021328498,0.00015552003,-0.0012753597,0.020127203
0.089613415,-0.28422046,-0.3959709,-0.2300078,0.007492614,-0.37169206,0.11791071,-0.29134768,0.0017760549,-0.011967137,-0.004234454,-0.0056036944,0.00017980595,-0.0006552204,-3.8983344e-05,-0.0070387917,-2.8720347e-06,-0.00012660101,-0.00040093184,3.6891917e-05,0.04071726,1.482553e-06,0.0009242423,-0.008971494,0.0,-0.022812607,0.0088910805,-0.0029447777,0.0036052137,-0.0034894883,0.0028784152,0.01192732,-0.0005951877,-0.0004111312,-0.00015616417,0.0136060035,-0.005646039,-0.066499926,0.00017776071,-0.0023684034,0.017010275
0.4124581,-0.09697624,1.3115727,0.0033888372,0.02616828,-0.15615179,0.08608945,-0.106973186,0.0020643894,-0.08555184,-0.0053902473,-0.0017876951,0.0009115923,-0.00086895004,-3.4508193e-05,-0.012496641,-2.8736467e-06,-1.0302224e-05,-0.00030517907,5.110091e-05,0.20305838,1.482553e-06,0.0007438134,-0.0031129317,0.0,-0.012774991,0.00915055,0.001625091,0.0056870673,-0.0020565214,0.03765051,-0.008065021,-0.00045237754,-0.0011566747,-0.00045909046,0.014304512,-0.0038799134,-0.024085077,0.00017776071,-0.0010369066,0.013074164
0.3051176,-0.09660104,1.2900989,0.0034574731,0.02616828,-0.14275679,0.08470468,-0.10972687,0.0022557285,-0.08486784,-0.004902705,-0.0021352703,0.0006522457,-0.0008654179,0.0004884404,0.0022080997,-7.331786e-07,7.5960605e-05,-0.00030517907,5.110091e-05,0.19815397,1.482553e-06,0.00081926904,-0.0050895694,0.0,-0.012833539,0.008939495,0.0022188378,0.0058527403,-0.0020431685,0.037651185,-0.015873503,-0.00045237754,-0.0011566747,-0.00045909046,0.014372449,-0.0044734697,-0.024341224,0.00017776071,-0.0010369066,0.013993503
